WilsonReederName;Hominoidea;Clade;MedianCerebellum;MedianCerebrum;MedianCrus;MedianROC;Body mass species mean;MedianCerebroCerebellar;MedianCerebellarCrus;MedianROCCrus;MedianCerebellarMass;MedianCerebralMass;MedianCrusMass
Aotus_trivirgatus;Nonape;Cebidae;1626,5000000;11745,668950;216,50;1410,000000;0,989;13,84765743802102;13,31079003996311;15,3546099290780;1644,590495449949;11876,30834175935;218,9079878665318
Ateles_paniscus;Nonape;Atelidae;8903,1340385;77381,000000;NA;NA;8,280;11,50558152324214;NA;NA;1075,257734118358;9345,53140096619;NA
Callithrix_penicillata;Nonape;Cebidae;484,8906250;3937,970947;NA;NA;0,328;12,31320981099153;NA;NA;1478,325076219512;12006,00898475610;NA
Cebus_apella;Nonape;Cebidae;5190,5421720;36284,496090;1012,00;4178,542172;2,936;14,30512403734473;19,49699985984431;24,2189729897023;1767,895835149864;12358,47959468665;344,6866485013624
Cebus_capucinus;Nonape;Cebidae;4274,4640920;40050,730470;NA;NA;2,861;10,67262454851301;NA;NA;1494,045470814400;13998,85720727018;NA
Cercocebus_atys;Nonape;Papionini;5362,4314410;51689,042970;NA;NA;8,600;10,37440651418584;NA;NA;623,538539651163;6010,35383372093;NA
Cercopithecus_cephus_cephus;Nonape;Cercopithecini;3697,2968750;41537,898440;NA;NA;3,585;8,90102054715313;NA;NA;1031,324093444909;11586,58254951186;NA
Chlorocebus_sabaeus;Nonape;Cercopithecini;4169,0164970;53627,046880;505,00;3664,016497;4,312;7,77409299887221;12,11316866612054;13,7826890357475;966,840560528757;12436,69918367347;117,1150278293135
Colobus_polykomos;Nonape;Colobinae;5787,0854260;40468,386720;842,00;4945,085426;9,100;14,30026224183517;14,54963834155781;17,0270061579316;635,943453406593;4447,07546373626;92,5274725274725
Daubentonia_madagascariensis;Nonape;Lemuriformes;3032,4423090;17151,126950;374,00;2658,442309;2,555;17,68071752859365;12,33329316406131;14,0683887979756;1186,865874363992;6712,76984344423;146,3796477495108
Eulemur_mongoz;Nonape;Lemuriformes;3223,5573840;14495,492190;NA;NA;1,212;22,23834376747714;NA;NA;2659,700811881188;11959,97705445545;NA
Galago_demidoff;Nonape;Galagonidae;320,5625000;1925,203247;NA;NA;0,075;16,65083935940401;NA;NA;4274,166666666667;25669,37662666667;NA
Gorilla_beringei_graueri;Ape;Hominoidea;46163,1481300;272907,906300;NA;NA;130,000;16,91528426415545;NA;NA;355,101139461538;2099,29158692308;NA
Gorilla_gorilla_gorilla;Ape;Hominoidea;58402,1690700;237689,671900;13107,00;45295,169070;120,950;24,57076430925899;22,44265959418414;28,9368607494194;482,862084084332;1965,18951550227;108,3670938404299
Homo_sapiens;Ape;Hominoidea;142171,0000000;1005711,437750;43726,00;101300,500000;65,000;14,13636105382953;30,75592068705995;43,1646438072862;2187,246153846154;15472,48365769231;672,7076923076924
Hylobates_lar;Ape;Hominoidea;8681,2906280;60685,457030;NA;NA;5,595;14,30538889030429;NA;NA;1551,615840571939;10846,37301697945;NA
Lagothrix_lagotricha;Nonape;Atelidae;5595,2343750;49384,894530;873,75;4721,484375;7,150;11,32984980174666;15,61596782976584;18,5058327128320;782,550262237762;6906,97825594406;122,2027972027972
Lemur_catta;Nonape;Lemuriformes;2035,2187500;12657,725590;NA;NA;2,210;16,07886610852021;NA;NA;920,913461538462;5727,47764253394;NA
Lepilemur_ruficaudatus;Nonape;Lemuriformes;882,2812500;4087,298828;NA;NA;0,805;21,58592476664395;NA;NA;1096,001552795031;5077,38984844720;NA
Lophocebus_albigena;Nonape;Papionini;6320,4577530;49184,953130;NA;NA;6,950;12,85038889087582;NA;NA;909,418381726619;7076,97167338129;NA
Loris_tardigradus;Nonape;Loridae;446,6562500;3071,111084;NA;NA;0,193;14,54379987513340;NA;NA;2314,281088082902;15912,49266321244;NA
Macaca_fascicularis;Nonape;Papionini;6184,3364160;46286,367190;698,00;2850,031250;4,251;13,36103218170922;11,28657875393304;24,4909595289525;1454,795675370501;10888,34796283227;164,1966596095036
Macaca_mulatta;Nonape;Papionini;10455,8115600;75928,210940;500,00;3126,468750;6,793;13,77065445182475;4,78202956442723;15,9924835327396;1539,203821581039;11177,41954070367;73,6051818047991
Microcebus_murinus;Nonape;Lemuriformes;169,8906250;809,311829;NA;NA;0,065;20,99198589620516;NA;NA;2613,701923076923;12450,95121538462;NA
Mirza_coquereli;Nonape;Lemuriformes;883,8630399;3884,830322;NA;NA;0,312;22,75165107970448;NA;NA;2832,894358653846;12451,37923717949;NA
Pan_paniscus;Ape;Hominoidea;48408,3783900;243035,609400;6627,00;41781,378390;39,100;19,91822453899218;13,68977896059616;15,8611330103607;1238,065943478261;6215,74448593350;169,4884910485933
Pan_troglodytes_troglodytes;Ape;Hominoidea;57047,0000000;284481,750000;15544,00;40053,000000;52,750;20,05295594532866;27,24770803022070;38,8085786333109;1081,459715639810;5393,01895734597;294,6729857819905
Papio_hamadryas;Nonape;Papionini;9478,2982070;89861,179690;1841,00;7637,298207;14,150;10,54771174794044;19,42331798170655;24,1053832140877;669,844396254417;6350,61340565371;130,1060070671378
Pongo_pygmaeus;Ape;Hominoidea;25757,3323400;184458,296900;6081,00;19676,332340;58,542;13,96377000811396;23,60881134633836;30,9051498771341;439,980395955041;3150,87111646339;103,8741416418981
Saguinus_oedipus;Nonape;Cebidae;750,0500112;6254,427246;NA;NA;0,431;11,99230531748038;NA;NA;1740,255246403712;14511,43212529002;NA
Saimiri_sciureus;Nonape;Cebidae;920,0156250;8539,606201;103,00;779,937500;0,799;10,77351347761522;11,19546203359318;13,2061863931405;1151,458854818523;10687,86758573217;128,9111389236546
Semnopithecus_entellus;Nonape;Colobinae;6748,5625000;49915,832030;NA;NA;14,742;13,51988382352123;NA;NA;457,777947361281;3385,96065866232;NA
Trachypithecus_(Trachypithecus)_germaini;Nonape;Colobinae;3756,0784480;37987,582030;NA;NA;NA;9,88764813994664;NA;NA;NA;NA;NA
Varecia_variegata_variegata;Nonape;Lemuriformes;3376,9409010;16032,390630;NA;NA;3,575;21,06323990560103;NA;NA;944,598853426573;4484,58479160839;NA
